{"cameraMode":{"drawMode":0,"name":"Shaded","section":"Shading Mode"},"sceneLighting":true,"audioPlay":false,"sceneViewState":{"m_AlwaysRefresh":false,"showFog":true,"showSkybox":true,"showFlares":true,"showImageEffects":true,"showParticleSystems":true,"showVisualEffectGraphs":true,"m_FxEnabled":true},"in2DMode":false,"pivot":{"x":-3.6367290019989015,"y":20.53538703918457,"z":14.054510116577149},"rotation":{"x":0.09876666218042374,"y":0.8436292409896851,"z":-0.5009069442749023,"w":0.16636891663074494},"size":2.0661323070526125,"orthographic":false}